S,B,profiler_flops,formula_flops,missing_flops_expected,is_validation,status
32,1,18450432,18452836,2404,False,OK
32,2,36900864,36905672,4808,False,OK
32,4,73801728,73811344,9616,False,OK
32,8,147603456,147622688,19232,False,OK
32,16,295206912,295245376,38464,False,OK
32,32,590413824,590490752,76928,False,OK
32,33,608864256,608943588,79332,True,OK
32,64,1180827648,1180981504,153856,False,OK
32,128,2361655296,2361963008,307712,False,OK
32,229,4225148928,4225699444,550516,True,OK
32,252,4649508864,4650114672,605808,True,OK
32,256,4723310592,4723926016,615424,False,OK
64,1,72861696,72870244,8548,False,OK
64,2,145723392,145740488,17096,False,OK
64,4,291446784,291480976,34192,False,OK
64,8,582893568,582961952,68384,False,OK
64,16,1165787136,1165923904,136768,False,OK
64,32,2331574272,2331847808,273536,False,OK
64,33,2404435968,2404718052,282084,True,OK
64,64,4663148544,4663695616,547072,False,OK
64,128,9326297088,9327391232,1094144,False,OK
64,229,16685328384,16687285876,1957492,True,OK
64,252,18361147392,18363301488,2154096,True,OK
64,256,18652594176,18654782464,2188288,False,OK
112,1,222492672,222518116,25444,True,OK
112,2,444985344,445036232,50888,True,OK
112,4,889970688,890072464,101776,True,OK
112,8,1779941376,1780144928,203552,True,OK
112,16,3559882752,3560289856,407104,True,OK
112,32,7119765504,7120579712,814208,True,OK
112,33,7342258176,7343097828,839652,True,OK
112,64,14239531008,14241159424,1628416,True,OK
112,128,28479062016,28482318848,3256832,True,OK
112,229,50950821888,50956648564,5826676,True,OK
112,252,56068153344,56074565232,6411888,True,OK
112,256,56958124032,56964637696,6513664,True,OK
128,1,290506752,290539876,33124,False,OK
128,2,581013504,581079752,66248,False,OK
128,4,1162027008,1162159504,132496,False,OK
128,8,2324054016,2324319008,264992,False,OK
128,16,4648108032,4648638016,529984,False,OK
128,32,9296216064,9297276032,1059968,False,OK
128,33,9586722816,9587815908,1093092,True,OK
128,64,18592432128,18594552064,2119936,False,OK
128,128,37184864256,37189104128,4239872,False,OK
128,229,66526046208,66533631604,7585396,True,OK
128,252,73207701504,73216048752,8347248,True,OK
128,256,74369728512,74378208256,8479744,False,OK
224,1,889030656,889131364,100708,False,OK
224,2,1778061312,1778262728,201416,False,OK
224,4,3556122624,3556525456,402832,False,OK
224,8,7112245248,7113050912,805664,False,OK
224,16,14224490496,14226101824,1611328,False,OK
224,32,28448980992,28452203648,3222656,False,OK
224,33,29338011648,29341335012,3323364,True,OK
224,64,56897961984,56904407296,6445312,False,OK
224,128,113795923968,113808814592,12890624,False,OK
224,229,203588020224,203611082356,23062132,True,OK
224,252,224035725312,224061103728,25378416,True,OK
224,256,227591847936,227617629184,25781248,False,OK
256,1,1161086976,1161218404,131428,False,OK
256,2,2322173952,2322436808,262856,False,OK
256,4,4644347904,4644873616,525712,False,OK
256,8,9288695808,9289747232,1051424,False,OK
256,16,18577391616,18579494464,2102848,False,OK
256,32,37154783232,37158988928,4205696,False,OK
256,33,38315870208,38320207332,4337124,True,OK
256,64,74309566464,74317977856,8411392,False,OK
256,128,148619132928,148635955712,16822784,False,OK
256,229,265888917504,265919014516,30097012,True,OK
256,252,292593917952,292627037808,33119856,True,OK
256,256,297238265856,297271911424,33645568,False,OK
272,1,1310717952,1310866276,148324,True,OK
272,2,2621435904,2621732552,296648,True,OK
272,4,5242871808,5243465104,593296,True,OK
272,8,10485743616,10486930208,1186592,True,OK
272,16,20971487232,20973860416,2373184,True,OK
272,32,41942974464,41947720832,4746368,True,OK
272,33,43253692416,43258587108,4894692,True,OK
272,64,83885948928,83895441664,9492736,True,OK
272,128,167771897856,167790883328,18985472,True,OK
272,229,300154411008,300188377204,33966196,True,OK
272,252,330300923904,330338301552,37377648,True,OK
272,256,335543795712,335581766656,37970944,True,OK
368,1,2398943232,2399214436,271204,True,OK
368,2,4797886464,4798428872,542408,True,OK
368,4,9595772928,9596857744,1084816,True,OK
368,8,19191545856,19193715488,2169632,True,OK
368,16,38383091712,38387430976,4339264,True,OK
368,32,76766183424,76774861952,8678528,True,OK
368,33,79165126656,79174076388,8949732,True,OK
368,64,153532366848,153549723904,17357056,True,OK
368,128,307064733696,307099447808,34714112,True,OK
368,229,549358000128,549420105844,62105716,True,OK
368,252,604533694464,604602037872,68343408,True,OK
368,256,614129467392,614198895616,69428224,True,OK
384,1,2612054016,2612349284,295268,False,OK
384,2,5224108032,5224698568,590536,False,OK
384,4,10448216064,10449397136,1181072,False,OK
384,8,20896432128,20898794272,2362144,False,OK
384,16,41792864256,41797588544,4724288,False,OK
384,32,83585728512,83595177088,9448576,False,OK
384,33,86197782528,86207526372,9743844,True,OK
384,64,167171457024,167190354176,18897152,False,OK
384,128,334342914048,334380708352,37794304,False,OK
384,229,598160369664,598227986036,67616372,True,OK
384,252,658237612032,658312019568,74407536,True,OK
384,256,668685828096,668761416704,75588608,False,OK
448,1,3555182592,3555584356,401764,True,OK
448,2,7110365184,7111168712,803528,True,OK
448,4,14220730368,14222337424,1607056,True,OK
448,8,28441460736,28444674848,3214112,True,OK
448,16,56882921472,56889349696,6428224,True,OK
448,32,113765842944,113778699392,12856448,True,OK
448,33,117321025536,117334283748,13258212,True,OK
448,64,227531685888,227557398784,25712896,True,OK
448,128,455063371776,455114797568,51425792,True,OK
448,229,814136813568,814228817524,92003956,True,OK
448,252,895906013184,896007257712,101244528,True,OK
448,256,910126743552,910229595136,102851584,True,OK
512,1,4643407872,4643932516,524644,False,OK
512,2,9286815744,9287865032,1049288,False,OK
512,4,18573631488,18575730064,2098576,False,OK
512,8,37147262976,37151460128,4197152,False,OK
512,16,74294525952,74302920256,8394304,False,OK
512,32,148589051904,148605840512,16788608,False,OK
512,33,153232459776,153249773028,17313252,True,OK
512,64,297178103808,297211681024,33577216,False,OK
512,128,594356207616,594423362048,67154432,False,OK
512,229,1063340402688,1063460546164,120143476,True,OK
512,252,1170138783744,1170270994032,132210288,True,OK
512,256,1188712415232,1188846724096,134308864,False,OK
