S,B,latency_s,memory_bytes,energy_j,is_validation,status
32,1,0.0001959124997483741,40175616,0.016963685140352024,False,OK
32,2,0.00019300899975860375,40212480,0.017213963816863694,False,OK
32,4,0.00019483999994918122,40286208,0.01785586768180625,False,OK
32,8,0.00019724200001292047,40433664,0.01850523872679045,False,OK
32,16,0.0002022045000558137,40728576,0.021438942995300688,False,OK
32,32,0.00021634599988828995,42356736,0.028704547108039286,False,OK
32,33,0.00023196800020741648,43431936,0.0343828320802005,True,OK
32,64,0.00024812249966998934,45613056,0.044473140319412414,False,OK
32,128,0.00042839449997700285,52125696,0.0768775245239469,False,OK
32,229,0.000552543000139849,63117312,0.13312388201712655,True,OK
32,252,0.0005726210001739673,65880064,0.13843986658818913,True,OK
32,256,0.0005852684998899349,66813952,0.13862817690614368,False,OK
64,1,0.00016624450017843628,43401216,0.016584036666480353,False,OK
64,2,0.00016630900017844397,43548672,0.017078469920799866,False,OK
64,4,0.0002990234997923835,78151680,0.05197170761175997,False,OK
64,8,0.00030926900035410654,81231872,0.06023978258597261,False,OK
64,16,0.0003314029995635792,89096192,0.07288799821865953,False,OK
64,32,0.0002369435001128295,52125696,0.06275819045319166,False,OK
64,33,0.00025191750000885804,56426496,0.07012450896669513,True,OK
64,64,0.00034951199995703064,66813952,0.10990372018291929,False,OK
64,128,0.0006367394998960663,92241920,0.20390872027180068,False,OK
64,229,0.0016789490000519436,298483712,0.5461813220133415,True,OK
64,252,0.0019330364998495497,321093632,0.5487896656534954,True,OK
64,256,0.0017053074998329976,325025792,0.5408348294434471,False,OK
112,1,0.0003273079996688466,56779776,0.04121410006497726,True,OK
112,2,0.0003211694997844461,57231360,0.044440122712830064,True,OK
112,4,0.0004141684999012796,79368192,0.0788605390463027,True,OK
112,8,0.00025319099995613215,60203008,0.06494070705337222,True,OK
112,16,0.0002926855004261597,60538880,0.09030373452405115,True,OK
112,32,0.0004904430002170557,75235328,0.1552028910686629,True,OK
112,33,0.0005045165003139118,75686912,0.16042934196332254,True,OK
112,64,0.000863265000134561,102268928,0.2841983601387575,True,OK
112,128,0.0019376185005057778,238125056,0.5839727626459144,True,OK
112,229,0.0036932025004716706,368393216,1.105522113022113,True,OK
112,252,0.003915809500085743,397733888,1.1770616797900264,True,OK
112,256,0.0038835249997646315,403931136,1.1733655352480419,True,OK
128,1,0.00017767549979907926,38830080,0.02169193668068266,False,OK
128,2,0.00017867350015876582,39944192,0.028581798954963922,False,OK
128,4,0.0004747365005641768,82411520,0.1251476821192053,False,OK
128,8,0.00026519899984123185,61308928,0.07459213231171744,False,OK
128,16,0.00039491950019510114,56328192,0.13058741461996803,False,OK
128,32,0.0007562184996459109,73367552,0.24970896358543418,False,OK
128,33,0.0007772860003569804,74481664,0.25452294100883444,True,OK
128,64,0.0022209585004020482,218071040,0.6909684857801691,False,OK
128,128,0.004379618000257324,362774528,1.3391532738095238,False,OK
128,229,0.011168505000114237,954040320,3.342167910447761,True,OK
128,252,0.009544491000269772,1018920960,2.7975683229813666,True,OK
128,256,0.009337868499642354,1027571712,2.8208170347003154,False,OK
224,1,0.00019166850006513414,41127936,0.03969061142666221,False,OK
224,2,0.0002325334999113693,44539904,0.06465288984027663,False,OK
224,4,0.00034137400007239194,51363840,0.11125428607183081,False,OK
224,8,0.0005893440002182615,65961984,0.20198588709677417,False,OK
224,16,0.0011292660001345212,92307456,0.3717085239085239,False,OK
224,32,0.0023667820000810025,147947520,0.737851395730706,False,OK
224,33,0.002397290500539384,151080960,0.7532838063439065,True,OK
224,64,0.004881979999936448,257130496,1.473711001642036,False,OK
224,128,0.009925542499786388,814186496,2.9911833333333333,False,OK
224,229,0.01918998349992762,1202114560,5.693632911392405,True,OK
224,252,0.020851403999586182,1289584640,6.225770833333333,True,OK
224,256,0.020720400500067626,1305444352,5.98884,False,OK
256,1,0.00019778200021391967,42172416,0.04515242752357666,False,OK
256,2,0.00025670950026324135,46628864,0.07661156261544144,False,OK
256,4,0.00039950350037543103,56328192,0.12946978698739314,False,OK
256,8,0.0007317669997064513,73367552,0.24216510067114094,False,OK
256,16,0.0014865635002934141,109019136,0.4841433172302737,False,OK
256,32,0.0031432769997081778,180322304,0.9842813522355507,False,OK
256,33,0.003319711999665742,185827328,1.012600225225225,True,OK
256,64,0.00959516450029696,742359040,2.8823279742765275,False,OK
256,128,0.018593305999729637,1161789440,5.5284506172839505,False,OK
256,229,0.034462772000097175,1825800192,10.297241379310345,True,OK
256,252,0.024650039999869477,1161789440,7.198944,True,OK
256,256,0.023670098999446054,1178566656,7.307346456692914,False,OK
272,1,0.00022020650021659094,42746880,0.05150270432692308,True,OK
272,2,0.00030628000013166456,47777792,0.08871588785046729,True,OK
272,4,0.0004695679995165847,57839616,0.1509098098603399,True,OK
272,8,0.0008445445000688778,77963264,0.28303171114599684,True,OK
272,16,0.0017196675003106066,118210560,0.5476628119293974,True,OK
272,32,0.0035283844999867142,199655424,1.1048849449204408,True,OK
272,33,0.003687994000301842,204580864,1.1463193384223918,True,OK
272,64,0.01009007550055685,759660544,3.040871186440678,True,OK
272,128,0.019619157000306586,1196392448,5.857640522875817,True,OK
272,229,0.024362799500067922,1191694336,7.46791935483871,True,OK
272,252,0.027671890500187146,1306173440,8.52767889908257,True,OK
272,256,0.027179861499917024,1326678016,8.166463636363636,True,OK
368,1,0.0002636694998727762,46924800,0.08006227857542421,True,OK
368,2,0.00041052000005947775,56328192,0.13304349769104723,True,OK
368,4,0.0007654729997739196,74551296,0.25275827257431294,True,OK
368,8,0.0015446884995071741,112369664,0.4997940199335548,True,OK
368,16,0.003217226000288065,186040320,1.0100279955207168,True,OK
368,32,0.008265083000424056,604635136,2.488225,True,OK
368,33,0.009188105999783147,614633472,2.8209056603773583,True,OK
368,64,0.015946332000112307,886341632,4.623020618556701,True,OK
368,128,0.02522561100022358,1217495040,7.523512605042017,True,OK
368,229,0.0468874380003399,2147369984,13.813738461538462,True,OK
368,252,0.05086412600030599,2358898688,15.233796610169492,True,OK
368,256,0.050105006499961746,2396225536,14.994766666666667,True,OK
384,1,0.0003035945001101936,47742976,0.08697194965870307,False,OK
384,2,0.00046218050010793377,57769984,0.1470413304791701,False,OK
384,4,0.0008308219998980348,77824000,0.2703547611895464,False,OK
384,8,0.001684909499999776,117932032,0.5347041666666666,False,OK
384,16,0.00347764099979031,199196672,1.0807134292565947,False,OK
384,32,0.008583685500070715,616529920,2.5981565217391305,False,OK
384,33,0.009533555000416527,626032640,2.8947266881028937,True,OK
384,64,0.016039434499816707,910131200,4.823462365591398,False,OK
384,128,0.0270264060000045,1321172992,8.078603603603604,False,OK
384,229,0.04827172499972221,2335080448,14.458693548387096,True,OK
384,252,0.05303670149987738,2566881280,16.284684210526315,True,OK
384,256,0.05382870650055338,2604630016,16.054589285714286,False,OK
448,1,0.0003384779997759324,51363840,0.10850114086705896,True,OK
448,2,0.0005937965001976409,65961984,0.18882860770207363,True,OK
448,4,0.0011092990002907754,92307456,0.3603313301282051,True,OK
448,8,0.002342629999930068,147947520,0.73921446179129,True,OK
448,16,0.004947985999933735,257130496,1.5100302521008402,True,OK
448,32,0.009204543999658199,476020736,2.79282298136646,True,OK
448,33,0.00948551849978685,489291776,2.8735878594249202,True,OK
448,64,0.01890317849984058,912228352,5.64354716981132,True,OK
448,128,0.036897683999541186,1784643584,10.958341463414634,True,OK
448,229,0.06798335600024075,3163815936,20.562955555555554,True,OK
448,252,0.07241661550006029,3477897216,21.38561904761905,True,OK
448,256,0.07342854500029716,3531571200,21.908268292682926,True,OK
512,1,0.00039546600009998656,56328192,0.12751270702455741,False,OK
512,2,0.0007410079997498542,73367552,0.2371031556616282,False,OK
512,4,0.001456581499951426,109019136,0.4688816199376947,False,OK
512,8,0.0030293485001493536,180322304,0.9531703703703703,False,OK
512,16,0.0059284870003466494,322928640,1.7922355289421157,False,OK
512,32,0.012115067499962606,608141312,3.6427246963562756,False,OK
512,33,0.01244515899952603,627015680,3.7485583333333334,True,OK
512,64,0.02472239700045975,1178566656,7.607565573770493,False,OK
512,128,0.04777235399978963,2319417344,14.254476190476192,False,OK
512,229,0.08537851949995456,4120870912,25.77027777777778,True,OK
512,252,0.09403467449965319,4529815552,28.113,True,OK
512,256,0.0957512195000163,4601118720,28.03346875,False,OK
